year,mileage,brand,model,price,age,price_per_year,mileage_per_year
2006,127534,Tata,Sedan,4461900,18,247883.33333333334,7085.222222222223
2019,67584,MG,Luxury,425438,5,85087.6,13516.8
2014,104537,Maruti Suzuki,Hatchback,4070183,10,407018.3,10453.7
2010,78477,Mahindra,Compact SUV,2217043,14,158360.2142857143,5605.5
2007,42533,Hyundai,Hatchback,2499391,17,147023.0,2501.9411764705883
2020,1828,Honda,Sedan,935719,4,233929.75,457.0
2006,1917,Hyundai,MPV,3101445,18,172302.5,106.5
2018,20618,MG,MPV,1108258,6,184709.66666666666,3436.3333333333335
2022,32254,Mahindra,Luxury,4824474,2,2412237.0,16127.0
2010,105292,Hyundai,MPV,3164140,14,226010.0,7520.857142857143
2010,47362,Kia,Luxury,3864462,14,276033.0,3383.0
2023,20128,Hyundai,Luxury,481948,1,481948.0,20128.0
2020,123781,Mahindra,Luxury,2882814,4,720703.5,30945.25
2003,190455,Toyota,Compact SUV,4069457,21,193783.66666666666,9069.285714285714
2007,65545,Kia,SUV,1506751,17,88632.41176470589,3855.5882352941176
2023,82180,Hyundai,Luxury,1253692,1,1253692.0,82180.0
2002,87958,Tata,Luxury,517770,22,23535.0,3998.090909090909
2021,140937,Tata,SUV,4399906,3,1466635.3333333333,46979.0
2020,133291,Hyundai,Hatchback,2737245,4,684311.25,33322.75
2001,39809,Toyota,Luxury,3002882,23,130560.08695652174,1730.8260869565217
2023,116748,Honda,Compact SUV,2090008,1,2090008.0,116748.0
2011,5287,Mahindra,MPV,2126525,13,163578.84615384616,406.6923076923077
2005,165459,Tata,MPV,4813070,19,253319.47368421053,8708.368421052632
2001,8512,Honda,Sedan,1638530,23,71240.43478260869,370.0869565217391
2020,132414,Hyundai,Sedan,4766951,4,1191737.75,33103.5
2000,194148,MG,MPV,2481913,24,103413.04166666667,8089.5
2011,108872,Honda,MPV,1778768,13,136828.3076923077,8374.76923076923
2021,150288,Kia,Compact SUV,1865213,3,621737.6666666666,50096.0
2011,93070,Maruti Suzuki,SUV,3063398,13,235646.0,7159.2307692307695
2016,79767,Tata,Sedan,988152,8,123519.0,9970.875
2009,97829,Hyundai,SUV,702980,15,46865.333333333336,6521.933333333333
2015,157686,MG,Compact SUV,1338336,9,148704.0,17520.666666666668
2014,167330,Mahindra,MPV,3178350,10,317835.0,16733.0
2014,42078,MG,Luxury,1468932,10,146893.2,4207.8
2018,106288,Toyota,SUV,1749087,6,291514.5,17714.666666666668
2011,83524,Kia,MPV,2831528,13,217809.84615384616,6424.923076923077
2022,12219,Hyundai,MPV,2408542,2,1204271.0,6109.5
2019,235,Mahindra,Hatchback,1237635,5,247527.0,47.0
2002,42929,Toyota,SUV,3802626,22,172846.63636363635,1951.3181818181818
2004,127309,Toyota,Luxury,1686689,20,84334.45,6365.45
2018,67444,Hyundai,SUV,4116126,6,686021.0,11240.666666666666
2006,139639,Kia,MPV,3366983,18,187054.61111111112,7757.722222222223
2020,101834,Honda,Luxury,3146230,4,786557.5,25458.5
2008,196513,Honda,Compact SUV,2418433,16,151152.0625,12282.0625
2006,84555,Toyota,Hatchback,4756397,18,264244.27777777775,4697.5
2017,73698,Honda,MPV,3978621,7,568374.4285714285,10528.285714285714
2003,124450,Maruti Suzuki,Sedan,4856766,21,231274.57142857142,5926.190476190476
2013,136487,Toyota,Sedan,1597991,11,145271.9090909091,12407.90909090909
2017,167231,Toyota,Hatchback,4031404,7,575914.8571428572,23890.14285714286
2008,43925,Mahindra,Compact SUV,2114188,16,132136.75,2745.3125
2020,137023,Honda,MPV,2407359,4,601839.75,34255.75
2001,87388,Kia,SUV,518401,23,22539.17391304348,3799.478260869565
2019,8007,Toyota,Hatchback,1285132,5,257026.4,1601.4
2014,172904,MG,Compact SUV,459292,10,45929.2,17290.4
2006,58596,Kia,SUV,4991066,18,277281.44444444444,3255.3333333333335
2011,121101,Maruti Suzuki,Sedan,3467759,13,266750.6923076923,9315.461538461539
2007,161595,Mahindra,Sedan,763937,17,44937.470588235294,9505.588235294117
2014,88861,Hyundai,SUV,3264391,10,326439.1,8886.1
2002,86740,Kia,Hatchback,2981206,22,135509.36363636365,3942.7272727272725
2013,15524,Toyota,Sedan,1492097,11,135645.18181818182,1411.2727272727273
2016,150354,Maruti Suzuki,MPV,487771,8,60971.375,18794.25
2003,155002,Tata,Luxury,537199,21,25580.904761904763,7381.047619047619
2017,131149,Maruti Suzuki,SUV,3157281,7,451040.14285714284,18735.571428571428
2007,125501,Maruti Suzuki,SUV,3032481,17,178381.23529411765,7382.411764705882
2003,20611,Mahindra,Sedan,2574316,21,122586.47619047618,981.4761904761905
2001,148056,Hyundai,Hatchback,3902615,23,169678.91304347827,6437.217391304348
2005,14060,Tata,MPV,1883214,19,99116.52631578948,740.0
2021,43303,Honda,Hatchback,1051518,3,350506.0,14434.333333333334
2009,190279,Honda,Compact SUV,813313,15,54220.86666666667,12685.266666666666
2003,160359,Kia,Compact SUV,4231586,21,201504.09523809524,7636.142857142857
2021,39711,Maruti Suzuki,Luxury,3514215,3,1171405.0,13237.0
2017,143026,MG,Sedan,3760989,7,537284.1428571428,20432.285714285714
2011,73340,Mahindra,Sedan,2632214,13,202478.0,5641.538461538462
2001,102974,MG,Sedan,2630229,23,114357.78260869565,4477.130434782609
2009,149646,Mahindra,Luxury,2163462,15,144230.8,9976.4
2003,140256,Honda,Compact SUV,954224,21,45439.23809523809,6678.857142857143
2013,150168,Kia,Hatchback,2550397,11,231854.27272727274,13651.636363636364
2015,67728,Kia,Luxury,2299284,9,255476.0,7525.333333333333
2014,165088,Kia,Luxury,2301676,10,230167.6,16508.8
2007,11246,Tata,Hatchback,1984532,17,116737.17647058824,661.5294117647059
2013,176630,Hyundai,Sedan,754418,11,68583.45454545454,16057.272727272728
2022,149453,Tata,MPV,1772542,2,886271.0,74726.5
2007,127796,Toyota,Hatchback,4773014,17,280765.5294117647,7517.411764705882
2020,167527,Toyota,Compact SUV,862621,4,215655.25,41881.75
2015,92263,MG,SUV,3829801,9,425533.44444444444,10251.444444444445
2012,135090,Hyundai,SUV,1898099,12,158174.91666666666,11257.5
2017,11302,Honda,Luxury,4494463,7,642066.1428571428,1614.5714285714287
2014,67506,Hyundai,SUV,4113233,10,411323.3,6750.6
2020,41157,Mahindra,MPV,1511569,4,377892.25,10289.25
2023,54917,Toyota,Sedan,4861307,1,4861307.0,54917.0
2012,96646,Maruti Suzuki,Compact SUV,1495885,12,124657.08333333333,8053.833333333333
2008,83122,Maruti Suzuki,MPV,1456083,16,91005.1875,5195.125
2014,24519,Honda,Compact SUV,2274324,10,227432.4,2451.9
2012,187891,Mahindra,Compact SUV,4198190,12,349849.1666666667,15657.583333333334
2000,80910,MG,Sedan,3688445,24,153685.20833333334,3371.25
2006,120430,Tata,Luxury,3042974,18,169054.11111111112,6690.555555555556
2008,71324,Mahindra,SUV,3792099,16,237006.1875,4457.75
2023,5408,Maruti Suzuki,Sedan,1579180,1,1579180.0,5408.0
2000,59379,Maruti Suzuki,MPV,3633178,24,151382.41666666666,2474.125
2011,25053,MG,Luxury,4831211,13,371631.6153846154,1927.1538461538462
2007,140518,Toyota,MPV,2884182,17,169657.76470588235,8265.764705882353
2023,131994,Mahindra,Luxury,2108286,1,2108286.0,131994.0
2010,98723,Mahindra,MPV,4899757,14,349982.64285714284,7051.642857142857
2018,51356,Maruti Suzuki,Sedan,4663089,6,777181.5,8559.333333333334
2016,10789,Tata,Luxury,3097921,8,387240.125,1348.625
2007,97720,Honda,Luxury,4674142,17,274949.5294117647,5748.235294117647
2002,66656,Kia,Compact SUV,569160,22,25870.909090909092,3029.818181818182
2002,44028,Honda,Compact SUV,2869931,22,130451.40909090909,2001.2727272727273
2000,64484,Mahindra,Hatchback,741904,24,30912.666666666668,2686.8333333333335
2004,32154,Honda,MPV,878526,20,43926.3,1607.7
2009,2336,Maruti Suzuki,Compact SUV,1137393,15,75826.2,155.73333333333332
2006,103677,Maruti Suzuki,Hatchback,3645503,18,202527.94444444444,5759.833333333333
2008,67779,MG,Compact SUV,1114422,16,69651.375,4236.1875
2006,19029,Mahindra,MPV,1034983,18,57499.055555555555,1057.1666666666667
2008,59201,MG,Luxury,2563429,16,160214.3125,3700.0625
2007,32265,Mahindra,SUV,3435812,17,202106.58823529413,1897.9411764705883
2011,102916,Kia,MPV,4575115,13,351931.92307692306,7916.615384615385
2001,174944,Kia,Sedan,3176280,23,138099.13043478262,7606.260869565217
2000,46197,Toyota,Compact SUV,3238687,24,134945.29166666666,1924.875
2015,125733,Mahindra,Compact SUV,1716842,9,190760.22222222222,13970.333333333334
2022,186252,Tata,Luxury,2631256,2,1315628.0,93126.0
2022,154782,Honda,Sedan,3989024,2,1994512.0,77391.0
2023,160558,Mahindra,Luxury,4696650,1,4696650.0,160558.0
2004,71907,Hyundai,Sedan,4002418,20,200120.9,3595.35
2002,128876,Toyota,SUV,2581608,22,117345.81818181818,5858.0
2011,64435,Hyundai,Compact SUV,4230010,13,325385.3846153846,4956.538461538462
2007,40631,Maruti Suzuki,Compact SUV,3941771,17,231868.88235294117,2390.0588235294117
2021,129038,Kia,SUV,4379441,3,1459813.6666666667,43012.666666666664
2002,20103,Honda,Hatchback,1260652,22,57302.36363636364,913.7727272727273
2000,64772,Mahindra,Luxury,2488370,24,103682.08333333333,2698.8333333333335
2002,126108,Hyundai,SUV,1848485,22,84022.04545454546,5732.181818181818
2004,14382,Honda,Luxury,1867343,20,93367.15,719.1
2014,84291,Maruti Suzuki,MPV,3625495,10,362549.5,8429.1
2013,101195,Kia,Compact SUV,3685744,11,335067.63636363635,9199.545454545454
2002,134828,Tata,Luxury,1055612,22,47982.36363636364,6128.545454545455
2000,20609,Toyota,Sedan,4294528,24,178938.66666666666,858.7083333333334
2004,147550,Honda,Luxury,2376475,20,118823.75,7377.5
2022,170738,Honda,MPV,2441912,2,1220956.0,85369.0
2013,75683,Tata,Compact SUV,3444311,11,313119.1818181818,6880.272727272727
2006,124714,Honda,SUV,585622,18,32534.555555555555,6928.555555555556
2008,130330,Maruti Suzuki,MPV,2262889,16,141430.5625,8145.625
2014,71315,Maruti Suzuki,Compact SUV,2206862,10,220686.2,7131.5
2014,77834,Tata,Luxury,4326390,10,432639.0,7783.4
2009,126205,Toyota,Hatchback,1696436,15,113095.73333333334,8413.666666666666
2012,14153,Mahindra,Hatchback,967540,12,80628.33333333333,1179.4166666666667
2018,76325,Hyundai,Sedan,2495690,6,415948.3333333333,12720.833333333334
2006,144071,Mahindra,Compact SUV,1888236,18,104902.0,8003.944444444444
2016,55318,Honda,Hatchback,3282410,8,410301.25,6914.75
2019,131886,Hyundai,SUV,1704355,5,340871.0,26377.2
2003,115033,MG,Compact SUV,2975480,21,141689.52380952382,5477.761904761905
2004,76077,Tata,SUV,3724083,20,186204.15,3803.85
2022,90474,Tata,SUV,2764722,2,1382361.0,45237.0
2006,133515,Toyota,Hatchback,3201092,18,177838.44444444444,7417.5
2012,73319,Hyundai,Compact SUV,2550229,12,212519.08333333334,6109.916666666667
2014,125885,Maruti Suzuki,Luxury,1822534,10,182253.4,12588.5
2010,109777,Hyundai,MPV,2022907,14,144493.35714285713,7841.214285714285
2003,17368,Honda,Hatchback,2815967,21,134093.66666666666,827.047619047619
2012,146400,Maruti Suzuki,Hatchback,4975112,12,414592.6666666667,12200.0
2006,188014,Kia,Luxury,3170574,18,176143.0,10445.222222222223
2018,91751,Kia,Compact SUV,3188939,6,531489.8333333334,15291.833333333334
2021,27306,MG,Compact SUV,4286280,3,1428760.0,9102.0
2001,170987,Kia,SUV,2344940,23,101953.91304347826,7434.217391304348
2009,37219,Tata,Luxury,2399409,15,159960.6,2481.266666666667
2012,195716,Hyundai,Luxury,3472382,12,289365.1666666667,16309.666666666666
2020,60279,Kia,Compact SUV,4181857,4,1045464.25,15069.75
2005,53028,Mahindra,SUV,4837871,19,254624.7894736842,2790.9473684210525
2011,104263,Toyota,Hatchback,591464,13,45497.230769230766,8020.2307692307695
2011,126,Mahindra,Sedan,2973829,13,228756.07692307694,9.692307692307692
2019,52329,Kia,MPV,418581,5,83716.2,10465.8
2010,27632,MG,Hatchback,4152256,14,296589.71428571426,1973.7142857142858
2022,196382,Toyota,Compact SUV,638540,2,319270.0,98191.0
2006,109945,Honda,MPV,801590,18,44532.77777777778,6108.055555555556
2000,55176,Mahindra,Sedan,1718412,24,71600.5,2299.0
2000,175399,MG,Sedan,3660492,24,152520.5,7308.291666666667
2019,199976,Hyundai,SUV,1930369,5,386073.8,39995.2
2012,134869,Hyundai,MPV,1172328,12,97694.0,11239.083333333334
2008,178954,Mahindra,SUV,3410691,16,213168.1875,11184.625
2002,144790,Kia,Hatchback,1658097,22,75368.04545454546,6581.363636363636
2006,34560,MG,Luxury,3600354,18,200019.66666666666,1920.0
2005,76589,Hyundai,Luxury,1594315,19,83911.31578947368,4031.0
2007,22116,Honda,Luxury,2875508,17,169147.5294117647,1300.9411764705883
2008,167316,Maruti Suzuki,MPV,2676219,16,167263.6875,10457.25
2004,132717,Kia,Luxury,1658311,20,82915.55,6635.85
2000,178595,MG,Hatchback,4810784,24,200449.33333333334,7441.458333333333
2018,124085,Honda,SUV,1589467,6,264911.1666666667,20680.833333333332
2009,117718,MG,MPV,464074,15,30938.266666666666,7847.866666666667
2011,19256,Toyota,SUV,2870466,13,220805.07692307694,1481.2307692307693
2023,100158,Honda,MPV,3955180,1,3955180.0,100158.0
2014,184245,Kia,SUV,4783120,10,478312.0,18424.5
2021,168502,Toyota,Sedan,1090645,3,363548.3333333333,56167.333333333336
2023,170354,Kia,SUV,3587093,1,3587093.0,170354.0
2008,119719,Hyundai,Luxury,1317481,16,82342.5625,7482.4375
2019,194446,Maruti Suzuki,Sedan,3894804,5,778960.8,38889.2
2016,68244,Kia,SUV,362507,8,45313.375,8530.5
2016,142766,Kia,MPV,1405710,8,175713.75,17845.75
2019,56264,Hyundai,MPV,2638377,5,527675.4,11252.8
2011,57545,Tata,MPV,4687373,13,360567.1538461539,4426.538461538462
2006,39224,Hyundai,Compact SUV,1106564,18,61475.77777777778,2179.1111111111113
2001,97945,Toyota,Hatchback,4218949,23,183432.5652173913,4258.478260869565
2002,13224,Hyundai,MPV,1909473,22,86794.22727272728,601.0909090909091
2016,40738,Hyundai,Sedan,2011952,8,251494.0,5092.25
2004,156222,Maruti Suzuki,MPV,1037954,20,51897.7,7811.1
2016,63731,Hyundai,Compact SUV,3208056,8,401007.0,7966.375
2023,180760,MG,Luxury,1007173,1,1007173.0,180760.0
2016,139649,Kia,Sedan,4810579,8,601322.375,17456.125
2016,8070,MG,Compact SUV,979447,8,122430.875,1008.75
2001,126161,Maruti Suzuki,Luxury,1361404,23,59191.47826086957,5485.260869565217
2001,8666,Mahindra,Sedan,3280248,23,142619.47826086957,376.7826086956522
2021,57761,Tata,SUV,2913987,3,971329.0,19253.666666666668
2022,36368,MG,Hatchback,3053913,2,1526956.5,18184.0
2004,137855,Maruti Suzuki,Hatchback,2835232,20,141761.6,6892.75
2000,41914,Toyota,Compact SUV,2678907,24,111621.125,1746.4166666666667
2000,127738,Mahindra,Luxury,4832688,24,201362.0,5322.416666666667
2018,67526,Maruti Suzuki,Hatchback,3129915,6,521652.5,11254.333333333334
2001,176837,Maruti Suzuki,Luxury,2663162,23,115789.65217391304,7688.565217391304
2020,19956,Tata,Luxury,1215113,4,303778.25,4989.0
2011,46240,Kia,Compact SUV,2992794,13,230214.92307692306,3556.923076923077
2005,121008,MG,Compact SUV,2511549,19,132186.7894736842,6368.8421052631575
2022,168220,Toyota,Compact SUV,2645704,2,1322852.0,84110.0
2003,94270,Honda,Hatchback,4881025,21,232429.7619047619,4489.047619047619
2022,4757,MG,Compact SUV,723332,2,361666.0,2378.5
2010,19097,Honda,Hatchback,592575,14,42326.78571428572,1364.0714285714287
2023,141467,Maruti Suzuki,Compact SUV,1759700,1,1759700.0,141467.0
2016,147313,Hyundai,MPV,329336,8,41167.0,18414.125
2005,103892,Toyota,Luxury,3501078,19,184267.26315789475,5468.0
2023,158768,Mahindra,Compact SUV,1942425,1,1942425.0,158768.0
2004,70480,Hyundai,Sedan,2907622,20,145381.1,3524.0
2019,46163,Hyundai,Luxury,2186963,5,437392.6,9232.6
2001,19816,MG,Luxury,3072605,23,133591.52173913043,861.5652173913044
2005,180912,Toyota,Compact SUV,1747947,19,91997.21052631579,9521.684210526315
2021,52853,Kia,SUV,4476426,3,1492142.0,17617.666666666668
2010,155989,Maruti Suzuki,Compact SUV,4156756,14,296911.14285714284,11142.07142857143
2015,96731,Maruti Suzuki,Luxury,1798339,9,199815.44444444444,10747.888888888889
2015,152638,Maruti Suzuki,Sedan,976296,9,108477.33333333333,16959.777777777777
2000,62823,Maruti Suzuki,Luxury,679039,24,28293.291666666668,2617.625
2008,151878,MG,Sedan,828714,16,51794.625,9492.375
2005,1759,Honda,Hatchback,3211190,19,169010.0,92.57894736842105
2015,173021,Maruti Suzuki,MPV,4935352,9,548372.4444444445,19224.555555555555
2002,92374,Honda,Luxury,852439,22,38747.22727272727,4198.818181818182
2019,133554,Honda,Compact SUV,4442535,5,888507.0,26710.8
2003,24442,Kia,Hatchback,573452,21,27307.238095238095,1163.904761904762
2018,164791,Maruti Suzuki,MPV,1078883,6,179813.83333333334,27465.166666666668
2002,189138,Tata,Compact SUV,4671047,22,212320.31818181818,8597.181818181818
2018,93501,Mahindra,SUV,2489921,6,414986.8333333333,15583.5
2019,2079,Hyundai,Compact SUV,3498156,5,699631.2,415.8
2006,133789,Honda,Sedan,1062371,18,59020.61111111111,7432.722222222223
2019,59676,Toyota,Sedan,3557945,5,711589.0,11935.2
2008,159024,Toyota,SUV,4068950,16,254309.375,9939.0
2000,173532,Mahindra,Hatchback,442980,24,18457.5,7230.5
2007,90397,Toyota,MPV,4996671,17,293921.82352941175,5317.470588235294
2006,72847,Tata,Compact SUV,2734003,18,151889.05555555556,4047.0555555555557
2017,93607,Toyota,Sedan,557354,7,79622.0,13372.42857142857
2007,149521,Hyundai,Hatchback,3506943,17,206290.76470588235,8795.35294117647
2000,164608,Hyundai,SUV,2217160,24,92381.66666666667,6858.666666666667
2010,64077,Honda,Luxury,3615258,14,258232.7142857143,4576.928571428572
2017,38258,Maruti Suzuki,Sedan,4671545,7,667363.5714285715,5465.428571428572
2022,179374,Kia,SUV,2535883,2,1267941.5,89687.0
2009,159937,Tata,Compact SUV,2850982,15,190065.46666666667,10662.466666666667
2002,137717,Honda,MPV,1064265,22,48375.681818181816,6259.863636363636
2006,119771,Tata,Sedan,608617,18,33812.055555555555,6653.944444444444
2015,38000,Maruti Suzuki,Sedan,3280346,9,364482.8888888889,4222.222222222223
2015,26737,MG,Compact SUV,1044748,9,116083.11111111111,2970.777777777778
2019,11485,Toyota,Luxury,3936562,5,787312.4,2297.0
2016,38565,Toyota,Hatchback,2354410,8,294301.25,4820.625
2001,156594,Kia,MPV,2777748,23,120771.65217391304,6808.434782608696
2000,119614,Maruti Suzuki,Sedan,1034275,24,43094.791666666664,4983.916666666667
2015,65155,Honda,MPV,1597819,9,177535.44444444444,7239.444444444444
2011,186240,Kia,Sedan,1334186,13,102629.69230769231,14326.153846153846
2004,52487,Maruti Suzuki,MPV,898506,20,44925.3,2624.35
2004,129948,Mahindra,SUV,856718,20,42835.9,6497.4
2022,12342,Hyundai,Sedan,1896853,2,948426.5,6171.0
2008,40806,Kia,MPV,652414,16,40775.875,2550.375
2008,48770,Kia,Hatchback,3263944,16,203996.5,3048.125
2002,78623,Honda,SUV,2647693,22,120349.68181818182,3573.7727272727275
2018,103177,Tata,SUV,3063545,6,510590.8333333333,17196.166666666668
2015,131026,Mahindra,Hatchback,3816144,9,424016.0,14558.444444444445
2015,75629,Honda,MPV,4248401,9,472044.55555555556,8403.222222222223
2002,120993,Maruti Suzuki,Compact SUV,424932,22,19315.090909090908,5499.681818181818
2019,183675,Maruti Suzuki,Hatchback,568083,5,113616.6,36735.0
2023,126944,Maruti Suzuki,MPV,2051498,1,2051498.0,126944.0
2021,105947,MG,Hatchback,4177809,3,1392603.0,35315.666666666664
2023,26399,Maruti Suzuki,Hatchback,1858426,1,1858426.0,26399.0
2000,128177,Tata,Sedan,3530431,24,147101.29166666666,5340.708333333333
2023,109575,Mahindra,MPV,2892316,1,2892316.0,109575.0
2019,110904,Toyota,Compact SUV,589220,5,117844.0,22180.8
2010,186178,Hyundai,Sedan,4276765,14,305483.21428571426,13298.42857142857
2016,30678,Tata,Hatchback,1695285,8,211910.625,3834.75
2007,76218,Tata,Luxury,4976029,17,292707.5882352941,4483.411764705882
2003,63230,MG,Hatchback,3222705,21,153462.14285714287,3010.9523809523807
2005,74055,Toyota,Hatchback,2964749,19,156039.42105263157,3897.6315789473683
2007,187445,Toyota,MPV,4299453,17,252909.0,11026.176470588236
2019,162552,Hyundai,MPV,1706978,5,341395.6,32510.4
2002,199908,Hyundai,Sedan,3221989,22,146454.04545454544,9086.727272727272
2015,72258,Toyota,Compact SUV,1284156,9,142684.0,8028.666666666667
2002,39986,Maruti Suzuki,Sedan,4013543,22,182433.77272727274,1817.5454545454545
2017,155232,Tata,SUV,1163659,7,166237.0,22176.0
2013,85595,Honda,Hatchback,2537035,11,230639.54545454544,7781.363636363636
2017,101358,Hyundai,Luxury,1503920,7,214845.7142857143,14479.714285714286
2001,64929,MG,Hatchback,3408591,23,148199.60869565216,2823.0
2021,73506,MG,Hatchback,3910954,3,1303651.3333333333,24502.0
2002,34911,Hyundai,Sedan,1047852,22,47629.63636363636,1586.8636363636363
2015,87127,Toyota,Luxury,1456618,9,161846.44444444444,9680.777777777777
2008,162893,Mahindra,Luxury,4211147,16,263196.6875,10180.8125
2003,191607,Honda,Luxury,1407810,21,67038.57142857143,9124.142857142857
2000,113453,Honda,Sedan,1112283,24,46345.125,4727.208333333333
2003,84458,Hyundai,Hatchback,3214863,21,153088.7142857143,4021.809523809524
2000,12175,Maruti Suzuki,Sedan,2121367,24,88390.29166666667,507.2916666666667
2013,119235,Mahindra,MPV,3672863,11,333896.63636363635,10839.545454545454
2020,54771,Honda,MPV,3199033,4,799758.25,13692.75
2015,127157,Hyundai,Sedan,4832669,9,536963.2222222222,14128.555555555555
2019,121300,MG,Luxury,1878315,5,375663.0,24260.0
2023,86925,Honda,Hatchback,1649590,1,1649590.0,86925.0
2007,66358,Kia,Sedan,3804438,17,223790.4705882353,3903.4117647058824
2006,148399,Mahindra,Sedan,4880197,18,271122.05555555556,8244.388888888889
2002,47057,Mahindra,Sedan,3345529,22,152069.5,2138.9545454545455
2016,6150,Kia,SUV,2525541,8,315692.625,768.75
2000,4425,Tata,MPV,3111139,24,129630.79166666667,184.375
2015,16032,MG,Luxury,1769793,9,196643.66666666666,1781.3333333333333
2011,2198,Kia,Compact SUV,4790512,13,368500.92307692306,169.07692307692307
2018,191572,Toyota,Luxury,3197706,6,532951.0,31928.666666666668
2021,184466,Toyota,Compact SUV,3501473,3,1167157.6666666667,61488.666666666664
2022,151151,Hyundai,SUV,1398657,2,699328.5,75575.5
2021,167292,Mahindra,Sedan,1226215,3,408738.3333333333,55764.0
2013,172946,Tata,SUV,3333449,11,303040.8181818182,15722.363636363636
2005,144931,Tata,SUV,1749991,19,92104.78947368421,7627.9473684210525
2005,181532,Honda,Hatchback,2811910,19,147995.26315789475,9554.315789473685
2012,162491,Honda,MPV,724528,12,60377.333333333336,13540.916666666666
2018,118865,Kia,Compact SUV,2835610,6,472601.6666666667,19810.833333333332
2021,139777,Tata,Sedan,3015223,3,1005074.3333333334,46592.333333333336
2007,173952,Kia,Compact SUV,912181,17,53657.705882352944,10232.470588235294
2001,23236,MG,Luxury,3945525,23,171544.5652173913,1010.2608695652174
2020,87955,Kia,Compact SUV,1950824,4,487706.0,21988.75
2000,103145,Honda,Luxury,439227,24,18301.125,4297.708333333333
2014,146430,Mahindra,MPV,2073055,10,207305.5,14643.0
2000,94914,Kia,Luxury,992137,24,41339.041666666664,3954.75
2004,102870,Maruti Suzuki,Compact SUV,581854,20,29092.7,5143.5
2015,116243,Mahindra,Compact SUV,960327,9,106703.0,12915.888888888889
2018,14596,Tata,Luxury,1957153,6,326192.1666666667,2432.6666666666665
2003,164644,Tata,SUV,4645398,21,221209.42857142858,7840.190476190476
2002,132351,Kia,MPV,1785255,22,81147.95454545454,6015.954545454545
2016,194269,Mahindra,Hatchback,4456004,8,557000.5,24283.625
2016,111496,Honda,Sedan,2106684,8,263335.5,13937.0
2011,130273,Honda,Compact SUV,2109858,13,162296.76923076922,10021.0
2013,193588,Toyota,Sedan,779083,11,70825.72727272728,17598.909090909092
2020,138155,Tata,Hatchback,1694316,4,423579.0,34538.75
2005,120674,Hyundai,Sedan,2201740,19,115881.05263157895,6351.263157894737
2002,120307,Toyota,Hatchback,4562627,22,207392.13636363635,5468.5
2008,148843,Honda,Luxury,4884946,16,305309.125,9302.6875
2004,161047,Mahindra,SUV,2595936,20,129796.8,8052.35
2023,176720,MG,Compact SUV,4601400,1,4601400.0,176720.0
2016,179357,Honda,Hatchback,4941094,8,617636.75,22419.625
2013,19063,Mahindra,Sedan,3007184,11,273380.36363636365,1733.0
2020,67642,Toyota,Compact SUV,3212066,4,803016.5,16910.5
2002,90093,Tata,SUV,4070771,22,185035.04545454544,4095.1363636363635
2000,168671,Honda,Luxury,1840724,24,76696.83333333333,7027.958333333333
2019,182992,Kia,Compact SUV,2265730,5,453146.0,36598.4
2020,159601,Mahindra,Hatchback,4862530,4,1215632.5,39900.25
2022,35954,Tata,SUV,4620614,2,2310307.0,17977.0
2000,27856,MG,Sedan,4383290,24,182637.08333333334,1160.6666666666667
2002,2573,MG,SUV,975673,22,44348.77272727273,116.95454545454545
2017,35367,Hyundai,SUV,4362224,7,623174.8571428572,5052.428571428572
2009,99608,Mahindra,MPV,2188529,15,145901.93333333332,6640.533333333334
2021,60774,Toyota,SUV,1394316,3,464772.0,20258.0
2002,23752,Hyundai,SUV,4600915,22,209132.5,1079.6363636363637
2007,55029,Hyundai,Compact SUV,1936675,17,113922.05882352941,3237.0
2013,148757,Maruti Suzuki,Sedan,1006673,11,91515.72727272728,13523.363636363636
2023,130282,Honda,Compact SUV,1101849,1,1101849.0,130282.0
2017,51693,Mahindra,Compact SUV,2028665,7,289809.28571428574,7384.714285714285
2014,116739,Hyundai,Hatchback,1461068,10,146106.8,11673.9
2021,55961,Maruti Suzuki,Compact SUV,1335891,3,445297.0,18653.666666666668
2022,126678,Toyota,MPV,1053494,2,526747.0,63339.0
2001,74532,Tata,MPV,723177,23,31442.478260869564,3240.521739130435
2009,81994,Kia,Hatchback,942762,15,62850.8,5466.266666666666
2001,56133,Kia,Luxury,1067876,23,46429.391304347824,2440.5652173913045
2016,61268,Mahindra,Sedan,4004697,8,500587.125,7658.5
2007,169315,Hyundai,Sedan,1506184,17,88599.05882352941,9959.70588235294
2000,188456,Kia,Compact SUV,2060511,24,85854.625,7852.333333333333
2008,31653,Honda,Compact SUV,4884074,16,305254.625,1978.3125
2010,157729,Kia,Luxury,3841815,14,274415.35714285716,11266.357142857143
2021,171024,Kia,Compact SUV,346002,3,115334.0,57008.0
2015,153252,Kia,Sedan,4910146,9,545571.7777777778,17028.0
2006,121829,MG,SUV,1015339,18,56407.72222222222,6768.277777777777
2009,128377,Maruti Suzuki,MPV,4439289,15,295952.6,8558.466666666667
2022,1622,Hyundai,SUV,2084006,2,1042003.0,811.0
2002,48756,Honda,SUV,928889,22,42222.22727272727,2216.181818181818
2017,40809,Hyundai,Sedan,2667108,7,381015.4285714286,5829.857142857143
2023,16725,MG,SUV,4889699,1,4889699.0,16725.0
2012,192468,Mahindra,Luxury,4144886,12,345407.1666666667,16039.0
2006,51226,Mahindra,Hatchback,1225779,18,68098.83333333333,2845.8888888888887
2003,81182,Mahindra,Compact SUV,2829832,21,134753.90476190476,3865.809523809524
2012,29402,Toyota,Hatchback,3619151,12,301595.9166666667,2450.1666666666665
2019,4263,Kia,MPV,525391,5,105078.2,852.6
2000,177900,Toyota,Compact SUV,491387,24,20474.458333333332,7412.5
2007,47924,Maruti Suzuki,SUV,3932632,17,231331.29411764705,2819.0588235294117
2013,74182,Mahindra,MPV,4908474,11,446224.9090909091,6743.818181818182
2015,190124,MG,Compact SUV,3084067,9,342674.1111111111,21124.88888888889
2013,142736,Honda,Luxury,1674073,11,152188.45454545456,12976.0
2011,35737,Hyundai,Luxury,2835394,13,218107.23076923078,2749.0
2018,101332,Kia,Luxury,4857220,6,809536.6666666666,16888.666666666668
2022,89563,Tata,Luxury,4672352,2,2336176.0,44781.5
2014,160445,Honda,SUV,1724663,10,172466.3,16044.5
2001,167469,Kia,Hatchback,2769146,23,120397.65217391304,7281.260869565217
2001,128575,Toyota,Compact SUV,3591070,23,156133.47826086957,5590.217391304348
2022,101371,Toyota,SUV,986268,2,493134.0,50685.5
2021,38709,Honda,Luxury,1101955,3,367318.3333333333,12903.0
2018,192192,Toyota,Hatchback,1411009,6,235168.16666666666,32032.0
2021,150322,Mahindra,MPV,2313148,3,771049.3333333334,50107.333333333336
2021,21172,Maruti Suzuki,MPV,4767223,3,1589074.3333333333,7057.333333333333
2016,11555,Hyundai,MPV,1819593,8,227449.125,1444.375
2019,53276,Maruti Suzuki,Luxury,2744291,5,548858.2,10655.2
2009,57492,Kia,MPV,447745,15,29849.666666666668,3832.8
2005,184074,Hyundai,Sedan,4092824,19,215411.7894736842,9688.105263157895
2014,89599,MG,Compact SUV,2030992,10,203099.2,8959.9
2021,155834,Hyundai,Compact SUV,437686,3,145895.33333333334,51944.666666666664
2010,11046,Maruti Suzuki,Luxury,2367636,14,169116.85714285713,789.0
2004,116021,Honda,Sedan,4451923,20,222596.15,5801.05
2000,159841,Hyundai,SUV,2283044,24,95126.83333333333,6660.041666666667
2007,184374,MG,SUV,4224221,17,248483.58823529413,10845.529411764706
2020,154222,MG,MPV,3614344,4,903586.0,38555.5
2011,199319,MG,Hatchback,349976,13,26921.23076923077,15332.23076923077
2011,4853,Maruti Suzuki,SUV,2822620,13,217124.61538461538,373.3076923076923
2004,120900,Hyundai,Hatchback,2663128,20,133156.4,6045.0
2006,152864,Tata,Compact SUV,3667611,18,203756.16666666666,8492.444444444445
2003,59129,Honda,Hatchback,4705813,21,224086.33333333334,2815.6666666666665
2005,114130,Mahindra,Compact SUV,3942693,19,207510.15789473685,6006.8421052631575
2012,198370,Hyundai,Sedan,2327320,12,193943.33333333334,16530.833333333332
2019,163059,MG,Sedan,2112105,5,422421.0,32611.8
2014,146922,Tata,Luxury,2247238,10,224723.8,14692.2
2002,143184,Mahindra,Luxury,1695796,22,77081.63636363637,6508.363636363636
2022,121789,Mahindra,MPV,3861262,2,1930631.0,60894.5
2007,155130,Kia,SUV,508859,17,29932.882352941175,9125.29411764706
2019,176492,Hyundai,MPV,4327902,5,865580.4,35298.4
2015,38890,Maruti Suzuki,Compact SUV,345475,9,38386.11111111111,4321.111111111111
2012,66017,Hyundai,MPV,3603364,12,300280.3333333333,5501.416666666667
2017,178376,Tata,Hatchback,3539254,7,505607.71428571426,25482.285714285714
2009,163993,Mahindra,Compact SUV,1399577,15,93305.13333333333,10932.866666666667
2018,132596,Hyundai,Luxury,1144081,6,190680.16666666666,22099.333333333332
2016,100424,Maruti Suzuki,Sedan,4923037,8,615379.625,12553.0
2023,15048,Kia,Luxury,3995727,1,3995727.0,15048.0
2018,166183,Hyundai,SUV,1902970,6,317161.6666666667,27697.166666666668
2022,168976,Honda,Compact SUV,1831064,2,915532.0,84488.0
2004,54912,Kia,Compact SUV,4711887,20,235594.35,2745.6
2020,34008,Maruti Suzuki,Hatchback,527189,4,131797.25,8502.0
2022,131132,Tata,SUV,2376198,2,1188099.0,65566.0
2008,83559,Mahindra,Sedan,1768919,16,110557.4375,5222.4375
2011,55337,Hyundai,Compact SUV,3581941,13,275533.92307692306,4256.692307692308
2020,110616,Maruti Suzuki,Compact SUV,2950324,4,737581.0,27654.0
2000,13350,Kia,Hatchback,3710580,24,154607.5,556.25
2000,24354,Honda,MPV,3985104,24,166046.0,1014.75
2014,45186,Maruti Suzuki,Sedan,1720858,10,172085.8,4518.6
2001,28145,Toyota,Luxury,2048982,23,89086.17391304347,1223.695652173913
2021,165092,MG,SUV,1745065,3,581688.3333333334,55030.666666666664
2015,86123,Honda,Compact SUV,378077,9,42008.555555555555,9569.222222222223
2007,20581,Kia,Compact SUV,4809322,17,282901.29411764705,1210.6470588235295
2012,88929,Tata,Luxury,1941232,12,161769.33333333334,7410.75
2020,23051,Mahindra,Sedan,4745818,4,1186454.5,5762.75
2000,51474,Kia,MPV,4395077,24,183128.20833333334,2144.75
2015,91748,MG,Compact SUV,1084192,9,120465.77777777778,10194.222222222223
2006,125995,Tata,Sedan,4930232,18,273901.77777777775,6999.722222222223
2004,69626,Hyundai,Luxury,1220114,20,61005.7,3481.3
2021,6960,Maruti Suzuki,Hatchback,901891,3,300630.3333333333,2320.0
2022,166844,Toyota,MPV,3829921,2,1914960.5,83422.0
2002,152592,Honda,SUV,2482926,22,112860.27272727272,6936.0
2011,180553,Honda,Compact SUV,2785670,13,214282.3076923077,13888.692307692309
2015,36408,Maruti Suzuki,Sedan,3644250,9,404916.6666666667,4045.3333333333335
2018,94006,Toyota,Hatchback,3666085,6,611014.1666666666,15667.666666666666
2004,57134,Maruti Suzuki,SUV,4906976,20,245348.8,2856.7
2021,151563,Hyundai,Sedan,4323278,3,1441092.6666666667,50521.0
2013,132413,MG,Sedan,837977,11,76179.72727272728,12037.545454545454
2004,175695,Tata,SUV,2299014,20,114950.7,8784.75
2014,90327,Kia,Hatchback,4003292,10,400329.2,9032.7
2016,131410,Honda,Luxury,1858141,8,232267.625,16426.25
2013,143326,Hyundai,Hatchback,3968280,11,360752.7272727273,13029.636363636364
2019,182932,Tata,MPV,3023408,5,604681.6,36586.4
2004,11344,Hyundai,Compact SUV,2148058,20,107402.9,567.2
2011,132822,Toyota,SUV,2459173,13,189167.15384615384,10217.076923076924
2015,185828,Honda,Luxury,4954419,9,550491.0,20647.555555555555
2015,67957,Kia,SUV,342291,9,38032.333333333336,7550.777777777777
2020,105423,Maruti Suzuki,SUV,4922580,4,1230645.0,26355.75
2006,58053,Maruti Suzuki,Hatchback,4889058,18,271614.3333333333,3225.1666666666665
2003,146968,Tata,Compact SUV,4797968,21,228474.66666666666,6998.476190476191
2000,186833,Kia,MPV,2422827,24,100951.125,7784.708333333333
2004,193624,MG,Sedan,2368671,20,118433.55,9681.2
2022,77454,Mahindra,Sedan,1008672,2,504336.0,38727.0
2009,90600,Toyota,SUV,637369,15,42491.26666666667,6040.0
2021,122732,Tata,Compact SUV,4276974,3,1425658.0,40910.666666666664
2004,159007,Mahindra,Luxury,3792963,20,189648.15,7950.35
2003,37641,Hyundai,Hatchback,4807167,21,228912.7142857143,1792.4285714285713
2001,29711,Toyota,Compact SUV,2527039,23,109871.26086956522,1291.7826086956522
2019,70342,Hyundai,Compact SUV,596063,5,119212.6,14068.4
2009,106896,MG,Hatchback,1683875,15,112258.33333333333,7126.4
2018,143254,Kia,SUV,2176336,6,362722.6666666667,23875.666666666668
2000,87833,Honda,Compact SUV,4256778,24,177365.75,3659.7083333333335
2023,56276,Toyota,Sedan,3187757,1,3187757.0,56276.0
2004,19541,Mahindra,Hatchback,2768665,20,138433.25,977.05
2012,94457,MG,Luxury,3209984,12,267498.6666666667,7871.416666666667
2003,44813,Honda,MPV,992924,21,47282.09523809524,2133.9523809523807
2015,168270,Maruti Suzuki,SUV,2870115,9,318901.6666666667,18696.666666666668
2023,139892,Mahindra,Hatchback,1961655,1,1961655.0,139892.0
2015,24070,Tata,MPV,4972412,9,552490.2222222222,2674.4444444444443
2022,142194,Maruti Suzuki,MPV,3400498,2,1700249.0,71097.0
2001,80559,MG,Luxury,4970432,23,216105.73913043478,3502.5652173913045
2016,41786,Maruti Suzuki,Compact SUV,1323920,8,165490.0,5223.25
2019,137809,Tata,Luxury,4111666,5,822333.2,27561.8
2023,36062,Toyota,Compact SUV,4119712,1,4119712.0,36062.0
2011,185309,Maruti Suzuki,Compact SUV,1333668,13,102589.84615384616,14254.538461538461
2017,51571,Kia,Hatchback,2773199,7,396171.28571428574,7367.285714285715
2002,25510,Mahindra,Hatchback,597675,22,27167.045454545456,1159.5454545454545
2000,19426,Honda,SUV,1008175,24,42007.291666666664,809.4166666666666
2000,37265,Maruti Suzuki,Compact SUV,3975002,24,165625.08333333334,1552.7083333333333
2018,148922,Mahindra,MPV,2167306,6,361217.6666666667,24820.333333333332
2010,66150,Hyundai,Sedan,563625,14,40258.92857142857,4725.0
2004,87312,Mahindra,SUV,1142840,20,57142.0,4365.6
2011,89613,Honda,Hatchback,4694643,13,361126.3846153846,6893.307692307692
2002,74910,Mahindra,Luxury,425355,22,19334.31818181818,3405.0
2000,52375,Tata,SUV,4522102,24,188420.91666666666,2182.2916666666665
2000,121826,MG,SUV,915937,24,38164.041666666664,5076.083333333333
2007,35435,Honda,SUV,1675607,17,98565.11764705883,2084.4117647058824
2009,96443,MG,SUV,319477,15,21298.466666666667,6429.533333333334
2010,188204,Toyota,Sedan,3856210,14,275443.5714285714,13443.142857142857
2011,134055,MG,Luxury,2787111,13,214393.15384615384,10311.923076923076
2012,151734,Hyundai,Luxury,2309606,12,192467.16666666666,12644.5
2011,23510,Tata,Luxury,1859757,13,143058.23076923078,1808.4615384615386
2013,172070,Toyota,Compact SUV,4899409,11,445400.8181818182,15642.727272727272
2001,187918,Mahindra,MPV,3732207,23,162269.86956521738,8170.347826086957
2018,94071,Honda,Luxury,4767890,6,794648.3333333334,15678.5
2017,6640,Hyundai,SUV,2181297,7,311613.85714285716,948.5714285714286
2002,44547,Tata,SUV,1123759,22,51079.954545454544,2024.8636363636363
2022,54620,Toyota,Luxury,3330855,2,1665427.5,27310.0
2016,146389,Toyota,Luxury,4829275,8,603659.375,18298.625
2007,115608,Hyundai,SUV,431184,17,25363.764705882353,6800.470588235294
2009,7564,Kia,Compact SUV,1435627,15,95708.46666666666,504.26666666666665
2001,158417,Mahindra,Hatchback,2547805,23,110774.13043478261,6887.695652173913
2018,113824,Hyundai,Hatchback,545300,6,90883.33333333333,18970.666666666668
2008,79273,Toyota,Luxury,884010,16,55250.625,4954.5625
2006,74859,Maruti Suzuki,Sedan,392036,18,21779.777777777777,4158.833333333333
2003,110017,Tata,Luxury,1153392,21,54923.42857142857,5238.9047619047615
2020,123618,Hyundai,Luxury,581696,4,145424.0,30904.5
2017,183465,Kia,Hatchback,3962340,7,566048.5714285715,26209.285714285714
2012,197153,Toyota,SUV,1490456,12,124204.66666666667,16429.416666666668
2010,125341,Mahindra,Luxury,4729723,14,337837.35714285716,8952.92857142857
2023,29430,MG,SUV,1290029,1,1290029.0,29430.0
2003,27788,Toyota,SUV,454692,21,21652.0,1323.2380952380952
2020,179615,Mahindra,Sedan,4757335,4,1189333.75,44903.75
2003,144991,Hyundai,SUV,2691098,21,128147.52380952382,6904.333333333333
2009,69346,Mahindra,Hatchback,1957888,15,130525.86666666667,4623.066666666667
2004,96122,Honda,Compact SUV,2885917,20,144295.85,4806.1
2008,39974,Honda,Compact SUV,2124964,16,132810.25,2498.375
2023,107309,Honda,MPV,1688509,1,1688509.0,107309.0
2002,16371,Kia,Luxury,4054542,22,184297.36363636365,744.1363636363636
2016,45084,Kia,Hatchback,2798214,8,349776.75,5635.5
2002,160701,Maruti Suzuki,SUV,4978083,22,226276.5,7304.590909090909
2015,182256,Kia,Compact SUV,4873574,9,541508.2222222222,20250.666666666668
2003,61916,MG,Hatchback,4408502,21,209928.66666666666,2948.3809523809523
2017,73972,Hyundai,Compact SUV,1868146,7,266878.0,10567.42857142857
2016,193259,Toyota,SUV,783455,8,97931.875,24157.375
2006,12984,Toyota,Compact SUV,4336405,18,240911.38888888888,721.3333333333334
2023,33039,Maruti Suzuki,Luxury,847219,1,847219.0,33039.0
2022,85431,Kia,Luxury,2486268,2,1243134.0,42715.5
2004,83691,MG,MPV,4745975,20,237298.75,4184.55
2011,58606,Mahindra,MPV,4287793,13,329830.23076923075,4508.153846153846
2016,141688,Maruti Suzuki,Compact SUV,1924777,8,240597.125,17711.0
2022,102665,MG,Hatchback,3171656,2,1585828.0,51332.5
2012,105373,Mahindra,Luxury,4155933,12,346327.75,8781.083333333334
2022,181144,MG,Hatchback,2626729,2,1313364.5,90572.0
2002,24574,Mahindra,Hatchback,4207129,22,191233.13636363635,1117.0
2008,134502,Tata,Compact SUV,395556,16,24722.25,8406.375
2016,143748,MG,Hatchback,2197883,8,274735.375,17968.5
2016,141888,Toyota,Luxury,3769992,8,471249.0,17736.0
2019,32733,Honda,SUV,1855537,5,371107.4,6546.6
2015,2050,Kia,MPV,952755,9,105861.66666666667,227.77777777777777
2021,109996,Mahindra,SUV,3966344,3,1322114.6666666667,36665.333333333336
2012,33933,Tata,Hatchback,3826362,12,318863.5,2827.75
2018,24951,MG,SUV,1043088,6,173848.0,4158.5
2016,32413,Toyota,Luxury,2895834,8,361979.25,4051.625
2003,165873,Honda,Luxury,359778,21,17132.285714285714,7898.714285714285
2011,186691,Mahindra,Hatchback,1394409,13,107262.23076923077,14360.846153846154
2008,163985,MG,Compact SUV,2953528,16,184595.5,10249.0625
2018,112573,MG,SUV,4404399,6,734066.5,18762.166666666668
2011,171672,Mahindra,Compact SUV,1813083,13,139467.92307692306,13205.538461538461
2008,188847,Maruti Suzuki,Compact SUV,3642103,16,227631.4375,11802.9375
2006,166472,Maruti Suzuki,Sedan,2473513,18,137417.38888888888,9248.444444444445
2013,135566,Toyota,Hatchback,1698949,11,154449.9090909091,12324.181818181818
2019,122744,Honda,MPV,822154,5,164430.8,24548.8
2018,89431,Mahindra,Luxury,3768582,6,628097.0,14905.166666666666
2014,43001,Toyota,Luxury,1311930,10,131193.0,4300.1
2015,67364,Toyota,Hatchback,1379525,9,153280.55555555556,7484.888888888889
2020,124988,Hyundai,MPV,2085818,4,521454.5,31247.0
2004,45028,MG,Luxury,3251720,20,162586.0,2251.4
2002,168645,Kia,Hatchback,1460117,22,66368.95454545454,7665.681818181818
2011,131878,MG,Luxury,2382963,13,183304.84615384616,10144.461538461539
2019,124343,Maruti Suzuki,Compact SUV,4556146,5,911229.2,24868.6
2020,187710,Honda,SUV,2885171,4,721292.75,46927.5
2003,128301,MG,SUV,1581506,21,75309.80952380953,6109.571428571428
2020,126295,Mahindra,Luxury,589134,4,147283.5,31573.75
2022,160829,Toyota,Sedan,3068705,2,1534352.5,80414.5
2015,34636,Mahindra,MPV,4624660,9,513851.1111111111,3848.4444444444443
2006,179352,Hyundai,MPV,3166069,18,175892.72222222222,9964.0
2012,24262,Honda,MPV,1037090,12,86424.16666666667,2021.8333333333333
2020,80435,Toyota,Compact SUV,1214565,4,303641.25,20108.75
2009,193283,Mahindra,MPV,4135598,15,275706.5333333333,12885.533333333333
2006,185914,Maruti Suzuki,SUV,1352425,18,75134.72222222222,10328.555555555555
2013,128583,Kia,Compact SUV,1077567,11,97960.63636363637,11689.363636363636
2004,188051,Hyundai,Hatchback,3016207,20,150810.35,9402.55
2002,169269,Honda,MPV,2049736,22,93169.81818181818,7694.045454545455
2022,41844,Hyundai,MPV,1870234,2,935117.0,20922.0
2010,64754,Maruti Suzuki,Hatchback,351707,14,25121.928571428572,4625.285714285715
2010,165229,Honda,MPV,580833,14,41488.07142857143,11802.07142857143
2017,77129,Hyundai,Hatchback,3999100,7,571300.0,11018.42857142857
2014,40042,Tata,Compact SUV,1388963,10,138896.3,4004.2
2011,61665,Maruti Suzuki,SUV,2177145,13,167472.6923076923,4743.461538461538
2008,116953,Maruti Suzuki,Hatchback,2583785,16,161486.5625,7309.5625
2009,158448,Maruti Suzuki,Sedan,4294420,15,286294.6666666667,10563.2
2011,186626,Tata,Hatchback,1134874,13,87298.0,14355.846153846154
2016,145271,Tata,MPV,1189493,8,148686.625,18158.875
2005,118533,Mahindra,Compact SUV,1078799,19,56778.89473684211,6238.578947368421
2006,182020,Toyota,Luxury,3833716,18,212984.22222222222,10112.222222222223
2013,73781,Kia,Compact SUV,3807447,11,346131.54545454547,6707.363636363636
2012,66262,Hyundai,Luxury,1179459,12,98288.25,5521.833333333333
2007,46600,Mahindra,Hatchback,2481533,17,145972.5294117647,2741.176470588235
2009,76898,Hyundai,SUV,2122744,15,141516.26666666666,5126.533333333334
2008,193555,Kia,Sedan,2591136,16,161946.0,12097.1875
2017,149369,Toyota,Compact SUV,3941644,7,563092.0,21338.428571428572
2001,30448,Tata,MPV,4143139,23,180136.47826086957,1323.8260869565217
2004,26172,Toyota,Luxury,3393510,20,169675.5,1308.6
2004,173946,Tata,MPV,4485224,20,224261.2,8697.3
2005,7657,Kia,SUV,4747395,19,249862.8947368421,403.0
2018,156497,Toyota,Luxury,1152050,6,192008.33333333334,26082.833333333332
2007,157757,Mahindra,Compact SUV,2661216,17,156542.11764705883,9279.823529411764
2015,112855,Honda,Hatchback,2867587,9,318620.77777777775,12539.444444444445
2012,155650,Mahindra,MPV,564237,12,47019.75,12970.833333333334
2000,159903,Hyundai,SUV,4769353,24,198723.04166666666,6662.625
2021,7906,Mahindra,Compact SUV,2814719,3,938239.6666666666,2635.3333333333335
2019,61413,Kia,Compact SUV,2208911,5,441782.2,12282.6
2016,54028,Maruti Suzuki,Compact SUV,4302981,8,537872.625,6753.5
2006,7287,Hyundai,Compact SUV,1719920,18,95551.11111111111,404.8333333333333
2012,33660,Toyota,Luxury,2479441,12,206620.08333333334,2805.0
2003,60504,Hyundai,Compact SUV,3037946,21,144664.09523809524,2881.1428571428573
2003,190792,Honda,MPV,4048529,21,192787.09523809524,9085.333333333334
2005,102979,Tata,SUV,3858818,19,203095.68421052632,5419.9473684210525
2018,34701,Toyota,Luxury,1749466,6,291577.6666666667,5783.5
2011,83300,MG,Compact SUV,1661236,13,127787.38461538461,6407.692307692308
2021,148746,Hyundai,Sedan,2388062,3,796020.6666666666,49582.0
2006,83560,Toyota,Sedan,2656632,18,147590.66666666666,4642.222222222223
2009,154946,Toyota,SUV,2134907,15,142327.13333333333,10329.733333333334
2018,43642,Toyota,Hatchback,4161774,6,693629.0,7273.666666666667
2006,65160,Tata,Hatchback,3933795,18,218544.16666666666,3620.0
2002,17602,MG,Luxury,3777084,22,171685.63636363635,800.0909090909091
2012,103320,Kia,Luxury,4627802,12,385650.1666666667,8610.0
2012,88801,Mahindra,Luxury,3699752,12,308312.6666666667,7400.083333333333
2017,25931,Toyota,Hatchback,4100986,7,585855.1428571428,3704.4285714285716
2019,94377,Maruti Suzuki,Sedan,1023858,5,204771.6,18875.4
2007,29192,Kia,Hatchback,3118907,17,183465.11764705883,1717.1764705882354
2008,46542,Honda,MPV,344816,16,21551.0,2908.875
2006,127015,Tata,Compact SUV,304138,18,16896.555555555555,7056.388888888889
2000,42520,Hyundai,Luxury,4463960,24,185998.33333333334,1771.6666666666667
2002,64772,Tata,Sedan,3536904,22,160768.36363636365,2944.181818181818
2012,189834,Hyundai,SUV,4164044,12,347003.6666666667,15819.5
2016,50106,Tata,SUV,521552,8,65194.0,6263.25
2023,81121,Hyundai,Compact SUV,343764,1,343764.0,81121.0
2000,25559,Toyota,Sedan,2520182,24,105007.58333333333,1064.9583333333333
2005,105595,Mahindra,Hatchback,2197951,19,115681.63157894737,5557.631578947368
2020,33742,Hyundai,Hatchback,616462,4,154115.5,8435.5
2005,69669,MG,MPV,1189855,19,62623.94736842105,3666.7894736842104
2011,152826,Hyundai,MPV,1714718,13,131901.38461538462,11755.846153846154
2012,135044,Maruti Suzuki,Hatchback,2457280,12,204773.33333333334,11253.666666666666
2012,70831,Hyundai,SUV,1108301,12,92358.41666666667,5902.583333333333
2014,112217,Maruti Suzuki,Luxury,4480266,10,448026.6,11221.7
2020,41873,Honda,SUV,4646657,4,1161664.25,10468.25
2015,106532,Toyota,MPV,412935,9,45881.666666666664,11836.888888888889
2021,126267,Maruti Suzuki,Compact SUV,4351889,3,1450629.6666666667,42089.0
2020,140975,Mahindra,Hatchback,1638306,4,409576.5,35243.75
2010,134092,Kia,MPV,2450205,14,175014.64285714287,9578.0
2004,41755,Toyota,MPV,4580650,20,229032.5,2087.75
2003,85956,Maruti Suzuki,Luxury,4823535,21,229692.14285714287,4093.1428571428573
2002,86988,Toyota,Hatchback,4900145,22,222733.86363636365,3954.0
2018,45648,MG,Luxury,1669391,6,278231.8333333333,7608.0
2019,125991,Toyota,Hatchback,4610518,5,922103.6,25198.2
2017,140588,Toyota,Luxury,2882153,7,411736.14285714284,20084.0
2014,115005,Honda,SUV,1153329,10,115332.9,11500.5
2008,2396,Mahindra,Compact SUV,2030085,16,126880.3125,149.75
2016,84082,Tata,Compact SUV,2326110,8,290763.75,10510.25
2013,150201,Tata,Hatchback,3384562,11,307687.45454545453,13654.636363636364
2014,128322,Maruti Suzuki,Sedan,4895130,10,489513.0,12832.2
2000,132663,Toyota,MPV,736542,24,30689.25,5527.625
2020,11303,Maruti Suzuki,MPV,4866701,4,1216675.25,2825.75
2021,161633,Honda,Hatchback,4439394,3,1479798.0,53877.666666666664
2021,71719,Honda,Luxury,3280672,3,1093557.3333333333,23906.333333333332
2002,99616,Hyundai,Sedan,2362087,22,107367.59090909091,4528.0
2015,124165,MG,SUV,726674,9,80741.55555555556,13796.111111111111
2022,86231,Honda,Luxury,382409,2,191204.5,43115.5
2010,7314,Hyundai,Luxury,3928104,14,280578.85714285716,522.4285714285714
2011,19623,Mahindra,Hatchback,2295141,13,176549.3076923077,1509.4615384615386
2009,198747,Maruti Suzuki,Hatchback,4125258,15,275017.2,13249.8
2015,196154,Kia,MPV,3799701,9,422189.0,21794.88888888889
2007,105228,Mahindra,Hatchback,2227716,17,131042.11764705883,6189.882352941177
2005,164202,Honda,Hatchback,2221672,19,116930.1052631579,8642.21052631579
2011,182828,Mahindra,Hatchback,1492503,13,114807.92307692308,14063.692307692309
2023,97624,Mahindra,MPV,1433754,1,1433754.0,97624.0
2020,157364,MG,SUV,3203609,4,800902.25,39341.0
2007,111785,MG,SUV,1746250,17,102720.58823529411,6575.588235294118
2003,86206,MG,Hatchback,1943707,21,92557.47619047618,4105.047619047619
2007,69274,Mahindra,MPV,4100315,17,241195.0,4074.9411764705883
2017,133541,Honda,SUV,3451396,7,493056.5714285714,19077.285714285714
2004,53947,Kia,Luxury,3668270,20,183413.5,2697.35
2008,153606,Toyota,SUV,2552641,16,159540.0625,9600.375
2003,194692,Mahindra,SUV,644126,21,30672.666666666668,9271.047619047618
2021,48874,Hyundai,MPV,2705514,3,901838.0,16291.333333333334
2016,49708,Honda,Luxury,2142360,8,267795.0,6213.5
2008,74553,Mahindra,MPV,1437411,16,89838.1875,4659.5625
2000,68344,Kia,Hatchback,1970357,24,82098.20833333333,2847.6666666666665
2020,49138,Toyota,Compact SUV,3212511,4,803127.75,12284.5
2019,185374,MG,SUV,3630922,5,726184.4,37074.8
2012,47638,Honda,Compact SUV,3999509,12,333292.4166666667,3969.8333333333335
2015,78249,Tata,MPV,4455479,9,495053.22222222225,8694.333333333334
2012,105865,Toyota,MPV,4788155,12,399012.9166666667,8822.083333333334
2013,2719,Hyundai,MPV,3602198,11,327472.54545454547,247.1818181818182
2002,153962,Mahindra,Compact SUV,597986,22,27181.18181818182,6998.272727272727
2005,167581,Kia,MPV,4066001,19,214000.05263157896,8820.052631578947
2017,42534,Tata,Hatchback,2765912,7,395130.28571428574,6076.285714285715
2018,92241,Kia,MPV,2322784,6,387130.6666666667,15373.5
2004,149859,Tata,Sedan,1153605,20,57680.25,7492.95
2014,126209,Honda,Compact SUV,2672948,10,267294.8,12620.9
2001,179917,Tata,Sedan,1615823,23,70253.17391304347,7822.478260869565
2009,189004,Hyundai,MPV,3733372,15,248891.46666666667,12600.266666666666
2023,92124,Hyundai,Hatchback,1070692,1,1070692.0,92124.0
2017,91659,Maruti Suzuki,SUV,728745,7,104106.42857142857,13094.142857142857
2012,164134,Hyundai,Luxury,973812,12,81151.0,13677.833333333334
2004,75713,Toyota,Luxury,3232977,20,161648.85,3785.65
2022,191533,Tata,MPV,3870118,2,1935059.0,95766.5
2023,75418,Hyundai,Hatchback,1658126,1,1658126.0,75418.0
2000,197744,Honda,Compact SUV,4117042,24,171543.41666666666,8239.333333333334
2021,128232,Kia,Sedan,4839170,3,1613056.6666666667,42744.0
2000,165904,MG,Sedan,836644,24,34860.166666666664,6912.666666666667
2017,163038,Kia,Sedan,952416,7,136059.42857142858,23291.14285714286
2014,144059,Maruti Suzuki,Compact SUV,3447915,10,344791.5,14405.9
2016,168383,Kia,Luxury,3073737,8,384217.125,21047.875
2010,31575,Tata,Hatchback,2007542,14,143395.85714285713,2255.3571428571427
2020,63852,Maruti Suzuki,Compact SUV,4491896,4,1122974.0,15963.0
2021,132079,Tata,Sedan,1774620,3,591540.0,44026.333333333336
2016,76242,Honda,MPV,1474846,8,184355.75,9530.25
2012,178589,Maruti Suzuki,SUV,2292569,12,191047.41666666666,14882.416666666666
2000,29257,Mahindra,Compact SUV,2149395,24,89558.125,1219.0416666666667
2001,173279,Toyota,Compact SUV,1289336,23,56058.086956521736,7533.869565217391
2008,144353,Toyota,Hatchback,3438102,16,214881.375,9022.0625
2002,61246,Tata,Hatchback,2750979,22,125044.5,2783.909090909091
2000,1435,Kia,Compact SUV,4205513,24,175229.70833333334,59.791666666666664
2020,91357,MG,Sedan,2332816,4,583204.0,22839.25
2015,157732,MG,SUV,361753,9,40194.77777777778,17525.777777777777
2022,136156,Mahindra,Hatchback,1371984,2,685992.0,68078.0
2005,144579,Maruti Suzuki,Sedan,4618420,19,243074.73684210525,7609.421052631579
2016,83807,Mahindra,MPV,955496,8,119437.0,10475.875
2004,176611,Mahindra,Hatchback,3035090,20,151754.5,8830.55
2004,115953,Kia,Sedan,3505228,20,175261.4,5797.65
2005,138563,MG,Sedan,2463349,19,129649.94736842105,7292.789473684211
2002,181264,Maruti Suzuki,SUV,793992,22,36090.545454545456,8239.272727272728
2020,123797,Honda,SUV,376240,4,94060.0,30949.25
2022,63888,Kia,MPV,4729899,2,2364949.5,31944.0
2004,73609,Mahindra,Sedan,4191151,20,209557.55,3680.45
2020,9077,Mahindra,Luxury,1627042,4,406760.5,2269.25
2004,20953,Honda,Sedan,2248061,20,112403.05,1047.65
2009,114682,Mahindra,SUV,4685224,15,312348.26666666666,7645.466666666666
2009,67889,Mahindra,Luxury,1198332,15,79888.8,4525.933333333333
2018,154893,Mahindra,Hatchback,1179854,6,196642.33333333334,25815.5
2016,168639,Toyota,Hatchback,4325942,8,540742.75,21079.875
2020,115374,Kia,Compact SUV,2834957,4,708739.25,28843.5
2013,24860,Hyundai,SUV,463187,11,42107.90909090909,2260.0
2008,152267,Kia,Compact SUV,4949454,16,309340.875,9516.6875
2013,77475,Honda,Luxury,1862518,11,169319.81818181818,7043.181818181818
2000,87266,Mahindra,SUV,1982678,24,82611.58333333333,3636.0833333333335
2018,152499,Kia,MPV,467527,6,77921.16666666667,25416.5
2012,100732,Toyota,Sedan,3044804,12,253733.66666666666,8394.333333333334
2012,27083,MG,MPV,1887819,12,157318.25,2256.9166666666665
2003,57372,Honda,Luxury,1820373,21,86684.42857142857,2732.0
2000,123786,Tata,SUV,894557,24,37273.208333333336,5157.75
2016,175136,Kia,Luxury,1290121,8,161265.125,21892.0
2007,7813,Tata,Sedan,3749330,17,220548.82352941178,459.5882352941176
2001,31598,Mahindra,Hatchback,2025049,23,88045.60869565218,1373.8260869565217
2007,93106,Toyota,Hatchback,3545705,17,208570.88235294117,5476.823529411765
2006,27082,Toyota,Luxury,783442,18,43524.555555555555,1504.5555555555557
2001,29241,Kia,Compact SUV,4409545,23,191719.34782608695,1271.3478260869565
2021,175641,Honda,SUV,1720827,3,573609.0,58547.0
2021,11745,Honda,SUV,2256874,3,752291.3333333334,3915.0
2002,26029,Toyota,Hatchback,4231814,22,192355.18181818182,1183.1363636363637
2017,144097,Honda,MPV,4988118,7,712588.2857142857,20585.285714285714
2011,123395,Toyota,Sedan,2051797,13,157830.53846153847,9491.923076923076
2000,145360,Kia,MPV,397406,24,16558.583333333332,6056.666666666667
2021,89186,Hyundai,MPV,3752814,3,1250938.0,29728.666666666668
2011,137612,Toyota,Luxury,4072827,13,313294.3846153846,10585.538461538461
2004,97768,Tata,Hatchback,4878887,20,243944.35,4888.4
2016,199950,Honda,Hatchback,1321436,8,165179.5,24993.75
2015,41846,Toyota,Hatchback,3191912,9,354656.8888888889,4649.555555555556
2014,75932,Toyota,Luxury,1909184,10,190918.4,7593.2
2022,148554,Kia,Compact SUV,4484238,2,2242119.0,74277.0
2014,23411,Honda,MPV,2628476,10,262847.6,2341.1
2004,182047,Hyundai,Luxury,784273,20,39213.65,9102.35
2020,191617,Kia,SUV,2703233,4,675808.25,47904.25
2013,78797,Hyundai,Sedan,3122236,11,283839.63636363635,7163.363636363636
2001,52307,MG,Compact SUV,988332,23,42970.95652173913,2274.217391304348
2010,134165,Kia,SUV,1026448,14,73317.71428571429,9583.214285714286
2018,22042,Honda,MPV,370463,6,61743.833333333336,3673.6666666666665
2006,52930,Maruti Suzuki,Hatchback,1433183,18,79621.27777777778,2940.5555555555557
2005,175485,Honda,MPV,3166457,19,166655.63157894736,9236.052631578947
2001,97883,Honda,Luxury,2730992,23,118738.78260869565,4255.782608695652
2005,33756,Hyundai,Sedan,4614380,19,242862.1052631579,1776.6315789473683
2017,53268,Hyundai,Luxury,1460294,7,208613.42857142858,7609.714285714285
2001,170286,Honda,Compact SUV,2644688,23,114986.43478260869,7403.739130434783
2017,159674,Honda,Compact SUV,336413,7,48059.0,22810.571428571428
2014,184403,Honda,Sedan,3248632,10,324863.2,18440.3
2018,48901,Hyundai,SUV,864430,6,144071.66666666666,8150.166666666667
2001,99986,Honda,SUV,3968508,23,172543.8260869565,4347.217391304348
2019,194488,Honda,Compact SUV,3324015,5,664803.0,38897.6
2005,163268,MG,Compact SUV,1215480,19,63972.63157894737,8593.052631578947
2000,128386,Mahindra,Hatchback,3941141,24,164214.20833333334,5349.416666666667
2023,5626,Maruti Suzuki,SUV,3681915,1,3681915.0,5626.0
2014,138496,Tata,Sedan,342056,10,34205.6,13849.6
2022,12857,Maruti Suzuki,SUV,2448983,2,1224491.5,6428.5
2009,151054,Mahindra,Hatchback,3242775,15,216185.0,10070.266666666666
2018,133052,Tata,Luxury,1073952,6,178992.0,22175.333333333332
2016,179362,Kia,Compact SUV,1208380,8,151047.5,22420.25
2004,26431,Honda,Compact SUV,4920792,20,246039.6,1321.55
2003,84976,Mahindra,Hatchback,1637768,21,77988.95238095238,4046.4761904761904
2009,82711,MG,Sedan,3390930,15,226062.0,5514.066666666667
2023,26385,Kia,Compact SUV,2160971,1,2160971.0,26385.0
2016,169230,Honda,MPV,1814101,8,226762.625,21153.75
2009,154091,Hyundai,Compact SUV,2630344,15,175356.26666666666,10272.733333333334
2016,18639,Toyota,MPV,1706150,8,213268.75,2329.875
2019,85530,Mahindra,Hatchback,825005,5,165001.0,17106.0
2023,21563,Hyundai,Hatchback,3719548,1,3719548.0,21563.0
2004,170413,Mahindra,Compact SUV,1529458,20,76472.9,8520.65
2001,115672,MG,SUV,1467272,23,63794.434782608696,5029.217391304348
2005,136848,Mahindra,MPV,3750087,19,197373.0,7202.526315789473
2020,167516,Hyundai,Sedan,1793551,4,448387.75,41879.0
2001,199988,MG,Compact SUV,4273313,23,185796.21739130435,8695.130434782608
2012,139783,Tata,Sedan,2736831,12,228069.25,11648.583333333334
2010,82970,Maruti Suzuki,Compact SUV,4465255,14,318946.78571428574,5926.428571428572
2010,85553,Honda,SUV,2006517,14,143322.64285714287,6110.928571428572
2015,161779,Mahindra,SUV,3497445,9,388605.0,17975.444444444445
2010,170182,Honda,SUV,3448491,14,246320.7857142857,12155.857142857143
2018,192860,Toyota,Luxury,655054,6,109175.66666666667,32143.333333333332
2014,82879,Hyundai,SUV,3501208,10,350120.8,8287.9
2022,169899,Honda,Hatchback,4139847,2,2069923.5,84949.5
2022,136727,Hyundai,Hatchback,1466670,2,733335.0,68363.5
2015,44859,Honda,Luxury,980667,9,108963.0,4984.333333333333
2010,184697,Maruti Suzuki,MPV,3148883,14,224920.2142857143,13192.642857142857
2021,52098,Maruti Suzuki,Sedan,2314017,3,771339.0,17366.0
2015,146323,MG,Compact SUV,4939276,9,548808.4444444445,16258.111111111111
2007,122413,Maruti Suzuki,Compact SUV,4322261,17,254250.64705882352,7200.764705882353
2003,526,MG,Luxury,4937203,21,235104.90476190476,25.047619047619047
2007,68760,Maruti Suzuki,Hatchback,4975519,17,292677.5882352941,4044.705882352941
2003,47837,Maruti Suzuki,Compact SUV,2299482,21,109499.14285714286,2277.9523809523807
2023,11536,Maruti Suzuki,Hatchback,3949244,1,3949244.0,11536.0
2002,28541,Hyundai,MPV,4914466,22,223384.81818181818,1297.3181818181818
2002,79083,Mahindra,Sedan,4213397,22,191518.04545454544,3594.681818181818
2017,182099,MG,MPV,3388589,7,484084.14285714284,26014.14285714286
2018,34531,Honda,Luxury,4539399,6,756566.5,5755.166666666667
2018,8712,Maruti Suzuki,SUV,1821722,6,303620.3333333333,1452.0
2020,104101,Hyundai,SUV,2162205,4,540551.25,26025.25
2004,65455,Hyundai,SUV,1765915,20,88295.75,3272.75
2017,74744,Hyundai,MPV,650067,7,92866.71428571429,10677.714285714286
2009,129749,MG,Compact SUV,2006826,15,133788.4,8649.933333333332
2021,5109,Mahindra,Sedan,2359385,3,786461.6666666666,1703.0
2020,49268,MG,SUV,1741246,4,435311.5,12317.0
2005,54615,Honda,Luxury,2667322,19,140385.36842105264,2874.4736842105262
2000,82503,Mahindra,Luxury,1675645,24,69818.54166666667,3437.625
2004,160831,Tata,SUV,4038858,20,201942.9,8041.55
2008,85708,Kia,SUV,2570463,16,160653.9375,5356.75
2011,191184,Hyundai,Sedan,1134440,13,87264.61538461539,14706.461538461539
2013,102471,MG,SUV,999895,11,90899.54545454546,9315.545454545454
2001,157661,Tata,Sedan,545144,23,23701.91304347826,6854.826086956522
2016,161087,Toyota,Luxury,4324227,8,540528.375,20135.875
2013,160081,MG,SUV,4122727,11,374793.36363636365,14552.818181818182
2012,83309,Maruti Suzuki,MPV,1544360,12,128696.66666666667,6942.416666666667
2008,126446,Kia,MPV,3349316,16,209332.25,7902.875
2014,193118,Maruti Suzuki,Luxury,2849565,10,284956.5,19311.8
2021,106661,Mahindra,Sedan,1449734,3,483244.6666666667,35553.666666666664
2014,157215,Kia,MPV,2146585,10,214658.5,15721.5
2023,6154,MG,Sedan,3260883,1,3260883.0,6154.0
2010,152876,Honda,MPV,4407618,14,314829.85714285716,10919.714285714286
2015,172760,Tata,MPV,1206450,9,134050.0,19195.555555555555
2016,64288,Honda,Sedan,1782795,8,222849.375,8036.0
2003,51195,MG,Compact SUV,582140,21,27720.95238095238,2437.8571428571427
2000,20581,Mahindra,MPV,1908795,24,79533.125,857.5416666666666
2007,183720,Maruti Suzuki,SUV,858981,17,50528.294117647056,10807.058823529413
2016,30087,Kia,Luxury,2343321,8,292915.125,3760.875
2002,181002,Honda,Compact SUV,408944,22,18588.363636363636,8227.363636363636
2019,164053,MG,Sedan,2097519,5,419503.8,32810.6
2014,69298,Honda,Compact SUV,4177590,10,417759.0,6929.8
2014,46167,MG,Hatchback,4015929,10,401592.9,4616.7
2023,174480,Maruti Suzuki,Hatchback,2258691,1,2258691.0,174480.0
2021,39499,Kia,MPV,4691401,3,1563800.3333333333,13166.333333333334
2013,125816,Tata,MPV,3228100,11,293463.63636363635,11437.818181818182
2022,183341,Maruti Suzuki,SUV,3009236,2,1504618.0,91670.5
2013,169631,Honda,Luxury,2253341,11,204849.18181818182,15421.0
2023,96347,Tata,Compact SUV,1273737,1,1273737.0,96347.0
2001,48787,MG,Hatchback,1433387,23,62321.17391304348,2121.1739130434785
2012,35488,Tata,MPV,4202908,12,350242.3333333333,2957.3333333333335
2013,74441,MG,Luxury,4948455,11,449859.54545454547,6767.363636363636
2023,22431,Maruti Suzuki,Compact SUV,2938439,1,2938439.0,22431.0
2018,61681,Honda,MPV,995532,6,165922.0,10280.166666666666
2006,194555,Mahindra,MPV,595866,18,33103.666666666664,10808.611111111111
2002,122720,Honda,Hatchback,1097057,22,49866.22727272727,5578.181818181818
2014,49153,MG,Hatchback,4692541,10,469254.1,4915.3
2022,6368,Hyundai,MPV,2105518,2,1052759.0,3184.0
2013,158496,Kia,Sedan,3735088,11,339553.45454545453,14408.727272727272
2010,112360,Toyota,MPV,3236537,14,231181.2142857143,8025.714285714285
2014,176076,Mahindra,Luxury,3923425,10,392342.5,17607.6
2012,112755,Tata,MPV,3899537,12,324961.4166666667,9396.25
2017,56985,Mahindra,SUV,2446674,7,349524.85714285716,8140.714285714285
2005,50069,Kia,SUV,2282847,19,120149.84210526316,2635.2105263157896
2002,52326,Tata,SUV,2509853,22,114084.22727272728,2378.4545454545455
2018,108737,Kia,Sedan,4391685,6,731947.5,18122.833333333332
2014,154470,Tata,Sedan,507352,10,50735.2,15447.0
2022,50861,Mahindra,MPV,1975502,2,987751.0,25430.5
2004,75897,Tata,SUV,484514,20,24225.7,3794.85
2009,127118,Tata,Sedan,1098658,15,73243.86666666667,8474.533333333333
2006,68577,Hyundai,Hatchback,2157596,18,119866.44444444444,3809.8333333333335
2016,196713,Honda,MPV,1558624,8,194828.0,24589.125
2006,9078,Honda,Luxury,1262452,18,70136.22222222222,504.3333333333333
2021,156075,Toyota,Compact SUV,2070394,3,690131.3333333334,52025.0
2011,62768,Toyota,MPV,4436725,13,341286.53846153844,4828.307692307692
2016,51047,MG,Compact SUV,3050025,8,381253.125,6380.875
2012,71626,MG,SUV,2389934,12,199161.16666666666,5968.833333333333
2019,57660,MG,Compact SUV,3226979,5,645395.8,11532.0
2003,180858,Hyundai,SUV,2814399,21,134019.0,8612.285714285714
2009,132997,Toyota,Hatchback,4963062,15,330870.8,8866.466666666667
2002,117832,Kia,Compact SUV,4095830,22,186174.0909090909,5356.0
2008,130406,MG,MPV,1255205,16,78450.3125,8150.375
2012,125150,MG,SUV,2423091,12,201924.25,10429.166666666666
2017,157087,Mahindra,MPV,1266649,7,180949.85714285713,22441.0
2014,33320,Maruti Suzuki,Sedan,1234048,10,123404.8,3332.0
2003,64881,Kia,SUV,3330555,21,158597.85714285713,3089.5714285714284
2014,90827,MG,Compact SUV,2164071,10,216407.1,9082.7
2021,102215,MG,SUV,1727989,3,575996.3333333334,34071.666666666664
2001,157361,MG,MPV,2332709,23,101422.13043478261,6841.782608695652
2014,134461,Maruti Suzuki,Hatchback,1500532,10,150053.2,13446.1
2007,156755,Maruti Suzuki,SUV,764462,17,44968.35294117647,9220.882352941177
2007,144701,Hyundai,Compact SUV,3291620,17,193624.70588235295,8511.823529411764
2016,61550,Kia,Sedan,3300109,8,412513.625,7693.75
2011,24826,Hyundai,Luxury,3872401,13,297877.0,1909.6923076923076
2018,100734,Tata,Hatchback,2744975,6,457495.8333333333,16789.0
2009,157702,Maruti Suzuki,Sedan,3571557,15,238103.8,10513.466666666667
2008,177235,Mahindra,SUV,2572759,16,160797.4375,11077.1875
2004,98511,Toyota,MPV,4903623,20,245181.15,4925.55
2005,197507,Mahindra,MPV,2749308,19,144700.42105263157,10395.105263157895
2019,11653,Toyota,Compact SUV,4048294,5,809658.8,2330.6
2001,159033,Maruti Suzuki,MPV,574535,23,24979.782608695652,6914.478260869565
2023,81941,Maruti Suzuki,Hatchback,3548204,1,3548204.0,81941.0
2012,33662,Maruti Suzuki,MPV,2780017,12,231668.08333333334,2805.1666666666665
2005,98818,Hyundai,Compact SUV,4431146,19,233218.2105263158,5200.9473684210525
2004,187518,Kia,Luxury,1217472,20,60873.6,9375.9
2000,152360,Toyota,SUV,2578581,24,107440.875,6348.333333333333
2020,95081,Kia,SUV,3949279,4,987319.75,23770.25
2021,36877,Hyundai,MPV,2304517,3,768172.3333333334,12292.333333333334
2020,111562,Hyundai,Sedan,2362362,4,590590.5,27890.5
2005,146385,Honda,SUV,3932403,19,206968.57894736843,7704.473684210527
2005,72715,Mahindra,Luxury,3521131,19,185322.68421052632,3827.1052631578946
2022,141398,Mahindra,MPV,2307338,2,1153669.0,70699.0
2015,110091,Tata,Compact SUV,888574,9,98730.44444444444,12232.333333333334
2003,132632,MG,Luxury,2734138,21,130197.04761904762,6315.809523809524
2010,79148,Hyundai,MPV,404927,14,28923.35714285714,5653.428571428572
2023,83186,Toyota,Luxury,2149916,1,2149916.0,83186.0
2022,157817,Honda,SUV,2882985,2,1441492.5,78908.5
2008,162962,Honda,Compact SUV,4517690,16,282355.625,10185.125
2022,151094,MG,MPV,3949886,2,1974943.0,75547.0
2002,123629,Kia,Hatchback,4746460,22,215748.18181818182,5619.5
2018,183651,MG,Compact SUV,1253122,6,208853.66666666666,30608.5
2007,70316,MG,Hatchback,4343763,17,255515.4705882353,4136.235294117647
2004,28380,MG,Luxury,4963754,20,248187.7,1419.0
2003,110198,Mahindra,Sedan,4817562,21,229407.7142857143,5247.523809523809
2023,2356,Hyundai,Compact SUV,2598354,1,2598354.0,2356.0
2005,70326,Tata,Luxury,414589,19,21820.473684210527,3701.3684210526317
2001,92447,Hyundai,Hatchback,1493982,23,64955.739130434784,4019.4347826086955
2019,114994,Kia,SUV,919003,5,183800.6,22998.8
2010,20049,Maruti Suzuki,SUV,493839,14,35274.21428571428,1432.0714285714287
2003,105361,MG,Sedan,806453,21,38402.52380952381,5017.190476190476
2014,16082,Hyundai,Compact SUV,3347589,10,334758.9,1608.2
2005,661,Kia,Compact SUV,3227053,19,169844.8947368421,34.78947368421053
2021,168484,Maruti Suzuki,Compact SUV,2824055,3,941351.6666666666,56161.333333333336
2016,2920,Maruti Suzuki,Luxury,3290193,8,411274.125,365.0
2023,191387,MG,Sedan,4940176,1,4940176.0,191387.0
2005,79561,Tata,Compact SUV,2807743,19,147775.94736842104,4187.421052631579
2018,8946,Toyota,Luxury,1855811,6,309301.8333333333,1491.0
2001,176572,Mahindra,SUV,1956042,23,85045.30434782608,7677.04347826087
2014,16309,Hyundai,Hatchback,4145474,10,414547.4,1630.9
2010,55230,Maruti Suzuki,Luxury,4224482,14,301748.71428571426,3945.0
2007,111822,Hyundai,SUV,3532452,17,207791.29411764705,6577.764705882353
2018,161099,Toyota,SUV,4590697,6,765116.1666666666,26849.833333333332
2012,112340,Mahindra,Hatchback,4046328,12,337194.0,9361.666666666666
2011,59321,Toyota,SUV,4461603,13,343200.23076923075,4563.153846153846
2004,132028,Mahindra,Sedan,2210332,20,110516.6,6601.4
2005,74131,Honda,Hatchback,4040030,19,212633.15789473685,3901.6315789473683
2021,178980,Mahindra,SUV,2798578,3,932859.3333333334,59660.0
2003,25963,MG,MPV,4112010,21,195810.0,1236.3333333333333
2018,101757,Tata,Luxury,1778081,6,296346.8333333333,16959.5
2019,170515,Toyota,SUV,1870889,5,374177.8,34103.0
2000,99259,Maruti Suzuki,Sedan,2699146,24,112464.41666666667,4135.791666666667
2019,39063,MG,Compact SUV,3371640,5,674328.0,7812.6
2016,114225,Honda,SUV,1845491,8,230686.375,14278.125
2011,116400,Tata,Compact SUV,2222967,13,170997.46153846153,8953.846153846154
